{"sensor_latitude": -4.470419007880913, "sensor_longitude": 48.40052049959363, "sensor_altitude": 60.0, "sensor_azimuth": 175.08059704740157, "sensor_elevation": 100.0, "target_latitude": -4.470616978397432, "target_longitude": 48.39985213640647, "target_altitude": 130.0, "target_range": 100.0}