
{"id":0,"sensor_altitude":60.0,"sensor_azimuth":179.18994557581286,"sensor_elevation":100.0,"sensor_latitude":-4.484419007880914,"sensor_longitude":48.39127111485687,"target_altitude":130.0,"target_latitude":-4.484445239605585,"target_longitude":48.3907158132752,"target_range":100.0}
{"id":1,"sensor_altitude":60.0,"sensor_azimuth":-115.873317824417,"sensor_elevation":100.0,"sensor_latitude":-4.482419007880914,"sensor_longitude":48.39259245553355,"target_altitude":130.0,"target_latitude":-4.4818219898919525,"target_longitude":48.39250623338264,"target_range":100.0}
{"id":2,"sensor_altitude":60.0,"sensor_azimuth":80.5192576328051,"sensor_elevation":100.0,"sensor_latitude":-4.480419007880914,"sensor_longitude":48.39391379621023,"target_altitude":130.0,"target_latitude":-4.481284627347136,"target_longitude":48.39395651016173,"target_range":100.0}
{"id":3,"sensor_altitude":60.0,"sensor_azimuth":95.34945806362857,"sensor_elevation":100.0,"sensor_latitude":-4.478419007880913,"sensor_longitude":48.39523513688691,"target_altitude":130.0,"target_latitude":-4.4787717224363,"target_longitude":48.39522537609027,"target_range":100.0}
{"id":4,"sensor_altitude":60.0,"sensor_azimuth":-172.4910119398362,"sensor_elevation":100.0,"sensor_latitude":-4.476419007880914,"sensor_longitude":48.39655647756359,"target_altitude":130.0,"target_latitude":-4.4761703708796965,"target_longitude":48.3960014000712,"target_range":100.0}
{"id":5,"sensor_altitude":60.0,"sensor_azimuth":-0.7203916349377907,"sensor_elevation":100.0,"sensor_latitude":-4.474419007880914,"sensor_longitude":48.397877818240275,"target_altitude":130.0,"target_latitude":-4.474380256950826,"target_longitude":48.398776520132216,"target_range":100.0}
{"id":6,"sensor_altitude":60.0,"sensor_azimuth":-1.8451623436501943,"sensor_elevation":100.0,"sensor_latitude":-4.472419007880914,"sensor_longitude":48.39919915891695,"target_altitude":130.0,"target_latitude":-4.4723633960023195,"target_longitude":48.39970102559548,"target_range":100.0}
{"id":7,"sensor_altitude":60.0,"sensor_azimuth":34.37570529426218,"sensor_elevation":100.0,"sensor_latitude":-4.470419007880913,"sensor_longitude":48.40052049959363,"target_altitude":130.0,"target_latitude":-4.471258920737607,"target_longitude":48.400875967860834,"target_range":100.0}