
{"id":0,"sensor_altitude":60.0,"sensor_azimuth":-83.14629206653717,"sensor_elevation":100.0,"sensor_latitude":-4.4934248,"sensor_longitude":48.3941787,"target_altitude":130.0,"target_latitude":-4.492707814373913,"target_longitude":48.394204134077555,"target_range":79.80004603665878}
{"id":1,"sensor_altitude":60.0,"sensor_azimuth":76.54367535471182,"sensor_elevation":100.0,"sensor_latitude":-4.493234,"sensor_longitude":48.3943543,"target_altitude":130.0,"target_latitude":-4.493981399259413,"target_longitude":48.39440711728325,"target_range":83.33914790097533}
{"id":2,"sensor_altitude":60.0,"sensor_azimuth":22.28937389532573,"sensor_elevation":100.0,"sensor_latitude":-4.4928366,"sensor_longitude":48.394695,"target_altitude":130.0,"target_latitude":-4.493586630002835,"target_longitude":48.395234683530184,"target_range":102.6703645568687}
{"id":3,"sensor_altitude":60.0,"sensor_azimuth":46.68593475801958,"sensor_elevation":100.0,"sensor_latitude":-4.4927647,"sensor_longitude":48.3947596,"target_altitude":130.0,"target_latitude":-4.493318405817151,"target_longitude":48.3949137173919,"target_range":63.91569924419431}
{"id":4,"sensor_altitude":60.0,"sensor_azimuth":-177.2839984490571,"sensor_elevation":100.0,"sensor_latitude":-4.4924639,"sensor_longitude":48.3950243,"target_altitude":130.0,"target_latitude":-4.492402836261244,"target_longitude":48.39464384990837,"target_range":42.73065002173203}
{"id":5,"sensor_altitude":60.0,"sensor_azimuth":-162.00263034640042,"sensor_elevation":100.0,"sensor_latitude":-4.4922111,"sensor_longitude":48.3952468,"target_altitude":130.0,"target_latitude":-4.491493025196048,"target_longitude":48.3945933274653,"target_range":107.84353671349574}
{"id":6,"sensor_altitude":60.0,"sensor_azimuth":173.4829648824602,"sensor_elevation":100.0,"sensor_latitude":-4.4921094,"sensor_longitude":48.3953316,"target_altitude":130.0,"target_latitude":-4.492391536749063,"target_longitude":48.39460152697172,"target_range":86.82612051380671}
{"id":7,"sensor_altitude":60.0,"sensor_azimuth":169.02528539355578,"sensor_elevation":100.0,"sensor_latitude":-4.4919663,"sensor_longitude":48.3954506,"target_altitude":130.0,"target_latitude":-4.492305453034491,"target_longitude":48.39493415951181,"target_range":68.57564625282617}
{"id":8,"sensor_altitude":60.0,"sensor_azimuth":-86.0388857893637,"sensor_elevation":100.0,"sensor_latitude":-4.4919068,"sensor_longitude":48.3954967,"target_altitude":130.0,"target_latitude":-4.490966179570628,"target_longitude":48.39551577192714,"target_range":104.64642573858255}
{"id":9,"sensor_altitude":60.0,"sensor_azimuth":164.90888668243343,"sensor_elevation":100.0,"sensor_latitude":-4.4918278,"sensor_longitude":48.3955607,"target_altitude":130.0,"target_latitude":-4.492484239647041,"target_longitude":48.39484159383329,"target_range":108.11943108325099}
{"id":10,"sensor_altitude":60.0,"sensor_azimuth":-137.2710769123288,"sensor_elevation":100.0,"sensor_latitude":-4.4917408,"sensor_longitude":48.3956146,"target_altitude":130.0,"target_latitude":-4.490935042489098,"target_longitude":48.39535728353452,"target_range":94.05670634432063}
{"id":11,"sensor_altitude":60.0,"sensor_azimuth":174.75730780180578,"sensor_elevation":100.0,"sensor_latitude":-4.4916006,"sensor_longitude":48.3956953,"target_altitude":130.0,"target_latitude":-4.491799528541379,"target_longitude":48.39505538370141,"target_range":74.32899267415331}
{"id":12,"sensor_altitude":60.0,"sensor_azimuth":178.5065439328731,"sensor_elevation":100.0,"sensor_latitude":-4.4914046,"sensor_longitude":48.3957858,"target_altitude":130.0,"target_latitude":-4.491477188010742,"target_longitude":48.394963757333464,"target_range":91.51174628728312}
{"id":13,"sensor_altitude":60.0,"sensor_azimuth":172.98745680585134,"sensor_elevation":100.0,"sensor_latitude":-4.4912059,"sensor_longitude":48.3958737,"target_altitude":130.0,"target_latitude":-4.4913808528119015,"target_longitude":48.395454420726885,"target_range":50.40142809760011}
{"id":14,"sensor_altitude":60.0,"sensor_azimuth":19.210872248008425,"sensor_elevation":100.0,"sensor_latitude":-4.4910982,"sensor_longitude":48.3959273,"target_altitude":130.0,"target_latitude":-4.491608308416522,"target_longitude":48.39635754834188,"target_range":74.13191517553483}