
{"id":0,"sensor_altitude":60.0,"sensor_azimuth":43.273970841769724,"sensor_elevation":100.0,"sensor_latitude":-4.484419007880914,"sensor_longitude":48.39127111485687,"target_altitude":130.0,"target_latitude":-4.484867141768563,"target_longitude":48.39141323579289,"target_range":100.0}
{"id":1,"sensor_altitude":60.0,"sensor_azimuth":15.419463353968478,"sensor_elevation":100.0,"sensor_latitude":-4.482419007880914,"sensor_longitude":48.39259245553355,"target_altitude":130.0,"target_latitude":-4.482785865184976,"target_longitude":48.39298766613845,"target_range":100.0}
{"id":2,"sensor_altitude":60.0,"sensor_azimuth":-0.9497635252227649,"sensor_elevation":100.0,"sensor_latitude":-4.480419007880914,"sensor_longitude":48.39391379621023,"target_altitude":130.0,"target_latitude":-4.480369458938183,"target_longitude":48.39479674090568,"target_range":100.0}
{"id":3,"sensor_altitude":60.0,"sensor_azimuth":-173.19235953553826,"sensor_elevation":100.0,"sensor_latitude":-4.478419007880913,"sensor_longitude":48.39523513688691,"target_altitude":130.0,"target_latitude":-4.478181913622833,"target_longitude":48.394648130197375,"target_range":100.0}
{"id":4,"sensor_altitude":60.0,"sensor_azimuth":-60.67513356288852,"sensor_elevation":100.0,"sensor_latitude":-4.476419007880914,"sensor_longitude":48.39655647756359,"target_altitude":130.0,"target_latitude":-4.475648777010132,"target_longitude":48.39668343209768,"target_range":100.0}
{"id":5,"sensor_altitude":60.0,"sensor_azimuth":164.4443869853534,"sensor_elevation":100.0,"sensor_latitude":-4.474419007880914,"sensor_longitude":48.397877818240275,"target_altitude":130.0,"target_latitude":-4.474975085555717,"target_longitude":48.39729241368271,"target_range":100.0}
{"id":6,"sensor_altitude":60.0,"sensor_azimuth":-166.66306363490648,"sensor_elevation":100.0,"sensor_latitude":-4.472419007880914,"sensor_longitude":48.39919915891695,"target_altitude":130.0,"target_latitude":-4.471935965703233,"target_longitude":48.39860462296207,"target_range":100.0}
{"id":7,"sensor_altitude":60.0,"sensor_azimuth":175.08059704740157,"sensor_elevation":100.0,"sensor_latitude":-4.470419007880913,"sensor_longitude":48.40052049959363,"target_altitude":130.0,"target_latitude":-4.470616978397432,"target_longitude":48.39985213640647,"target_range":100.0}