
{"id":0,"sensor_altitude":60.0,"sensor_azimuth":172.5521729364082,"sensor_elevation":100.0,"sensor_latitude":-4.484419007880914,"sensor_longitude":48.39127111485687,"target_altitude":130.0,"target_latitude":-4.484553264600654,"target_longitude":48.39096396120281,"target_range":100.0}
{"id":1,"sensor_altitude":60.0,"sensor_azimuth":-7.6461567703446995,"sensor_elevation":100.0,"sensor_latitude":-4.482419007880914,"sensor_longitude":48.39259245553355,"target_altitude":130.0,"target_latitude":-4.482074917369695,"target_longitude":48.39335314591029,"target_range":100.0}
{"id":2,"sensor_altitude":60.0,"sensor_azimuth":15.219078048897693,"sensor_elevation":100.0,"sensor_latitude":-4.480419007880914,"sensor_longitude":48.39391379621023,"target_altitude":130.0,"target_latitude":-4.480861526736939,"target_longitude":48.3943949139818,"target_range":100.0}
{"id":3,"sensor_altitude":60.0,"sensor_azimuth":22.017320532136992,"sensor_elevation":100.0,"sensor_latitude":-4.478419007880913,"sensor_longitude":48.39523513688691,"target_altitude":130.0,"target_latitude":-4.479070069436023,"target_longitude":48.39570930032843,"target_range":100.0}
{"id":4,"sensor_altitude":60.0,"sensor_azimuth":25.861557751770533,"sensor_elevation":100.0,"sensor_latitude":-4.476419007880914,"sensor_longitude":48.39655647756359,"target_altitude":130.0,"target_latitude":-4.476765002405172,"target_longitude":48.3967659743667,"target_range":100.0}
{"id":5,"sensor_altitude":60.0,"sensor_azimuth":100.18219469930676,"sensor_elevation":100.0,"sensor_latitude":-4.474419007880914,"sensor_longitude":48.397877818240275,"target_altitude":130.0,"target_latitude":-4.4751369516192145,"target_longitude":48.39784002808515,"target_range":100.0}
{"id":6,"sensor_altitude":60.0,"sensor_azimuth":11.655800305608157,"sensor_elevation":100.0,"sensor_latitude":-4.472419007880914,"sensor_longitude":48.39919915891695,"target_altitude":130.0,"target_latitude":-4.472737121222656,"target_longitude":48.399647552014436,"target_range":100.0}
{"id":7,"sensor_altitude":60.0,"sensor_azimuth":-2.378485394420772,"sensor_elevation":100.0,"sensor_latitude":-4.470419007880913,"sensor_longitude":48.40052049959363,"target_altitude":130.0,"target_latitude":-4.470385849953158,"target_longitude":48.40075177968638,"target_range":100.0}